node	type
144568.0	gene
C0028326	disease
C0029882	disease
C0175704	disease
C0587248	disease
C1275081	disease
C1843181	disease
C3501846	disease
19.0	gene
C0039292	disease
C0751544	disease
C1704429	disease
C2931838	disease
C3711531	disease
C0342898	disease
C0020445	disease
C0745103	disease
C1704417	disease
C0022661	disease
C4721453	disease
C0036341	disease
C0004153	disease
C0020443	disease
C1563937	disease
C0009402	disease
C0009404	disease
C0473527	disease
DB01599	drug
5243.0	gene
C0027627	disease
C0206686	disease
C0020651	disease
C0149504	disease
C0154659	disease
C0235032	disease
C0338831	disease
C0027947	disease
C0004930	disease
C0004936	disease
C0027765	disease
C0376338	disease
C4046029	disease
C0023893	disease
C2239176	disease
C0003865	disease
C0971858	disease
C0993582	disease
C0005586	disease
C0013221	disease
C0041755	disease
C0014544	disease
C0086237	disease
C0236018	disease
C0751111	disease
C0006868	disease
C0006870	disease
C0018614	disease
C0024809	disease
C0236735	disease
C0003873	disease
C0030567	disease
C0019193	disease
C0860207	disease
C1262760	disease
C3658290	disease
C4277682	disease
C4279912	disease
C0007131	disease
C0235874	disease
C0030201	disease
C0011570	disease
C0011581	disease
C0040715	disease
C0079744	disease
C0007097	disease
C0014859	disease
C0205696	disease
C0205697	disease
C0205698	disease
C0205699	disease
C0546837	disease
C0027497	disease
C0042963	disease
C1861502	disease
C0006826	disease
C0027651	disease
C0086692	disease
C0006142	disease
C0022665	disease
C0376544	disease
C0376545	disease
C0678222	disease
C0740457	disease
C1257931	disease
C1458155	disease
C4704874	disease
C0041696	disease
C1269683	disease
C0023452	disease
C0023453	disease
C1961102	disease
C0027609	disease
C0018798	disease
C0014836	disease
C0033975	disease
C1168401	disease
C0030569	disease
C0751414	disease
C0751415	disease
C0027819	disease
C0009324	disease
C2677101	disease
DB11869	drug
DB06191	drug
DB06240	drug
DB04851	drug
9429.0	gene
C0008312	disease
C0023892	disease
C0238065	disease
C4551595	disease
C1961099	disease
C0001430	disease
C0205646	disease
C0205647	disease
C0205648	disease
C0205649	disease
C0205650	disease
C0205651	disease
C0018099	disease
C0740394	disease
C0024668	disease
C1841837	disease
145447.0	gene
55331.0	gene
C0025202	disease
C4540358	disease
9510.0	gene
C0027626	disease
C0002395	disease
C0011265	disease
C0276496	disease
C0494463	disease
C0546126	disease
C0750900	disease
C0750901	disease
11096.0	gene
C0019209	disease
30817.0	gene
C0157743	disease
C0473546	disease
C1852146	disease
C1852145	disease
10149.0	gene
C0029408	disease
C0086743	disease
C0403814	disease
57211.0	gene
C2700406	disease
C4225303	disease
133.0	gene
C0004352	disease
C0034189	disease
C0036690	disease
C0243026	disease
C1719672	disease
C0017658	disease
C1704377	disease
C0020429	disease
C0030193	disease
C0234230	disease
C0234238	disease
C0234254	disease
C0458247	disease
C0458257	disease
C0458259	disease
C0751211	disease
C0751212	disease
C0751213	disease
C0751214	disease
C0751407	disease
C0751408	disease
C2936719	disease
C0038358	disease
22850.0	gene
150.0	gene
C0020538	disease
C0030319	disease
C0086769	disease
C0525045	disease
C0020649	disease
C0018799	disease
C0001973	disease
C0016059	disease
C0018800	disease
C1383860	disease
C1623038	disease
C0271694	disease
DB00668	drug
DB00368	drug
DB00633	drug
DB00370	drug
DB00797	drug
DB01018	drug
DB00598	drug
DB00484	drug
DB06262	drug
84632.0	gene
C0007137	disease
27125.0	gene
C0000772	disease
C0005941	disease
C0009241	disease
C0018273	disease
C0024115	disease
C0028754	disease
C0282631	disease
C4085597	disease
196.0	gene
C0024623	disease
C0038356	disease
C1708349	disease
C0030297	disease
C0346647	disease
C2931037	disease
C0152013	disease
C0149721	disease
C0041955	disease
C0153619	disease
C0005974	disease
C0023903	disease
C0345904	disease
C0033578	disease
C0376358	disease
C0020564	disease
C0023895	disease
C0037997	disease
C0086565	disease
C0333641	disease
C0020578	disease
C0039231	disease
C0080203	disease
C0021364	disease
C0848676	disease
C0917731	disease
C0559470	disease
C0242339	disease
C0598784	disease
C0005683	disease
C0021368	disease
C0037116	disease
C0236811	disease
C0813142	disease
C0887800	disease
C0700501	disease
C2673809	disease
C0032285	disease
C0032300	disease
C0242706	disease
C0887898	disease
C3714636	disease
C0004943	disease
C0028043	disease
C0040332	disease
C0042373	disease
C0376384	disease
C0011616	disease
C0162351	disease
C0021655	disease
C0920563	disease
C0025517	disease
C0027540	disease
C0273115	disease
C2350344	disease
C0000786	disease
C0000822	disease
C3830362	disease
C4552766	disease
C0043094	disease
C0005612	disease
C0009319	disease
C0162834	disease
C0023890	disease
C0239946	disease
C0400966	disease
C3241937	disease
C0035334	disease
C0038002	disease
C0027659	disease
DB06083	drug
7965.0	gene
C0037769	disease
C0543888	disease
C4693912	disease
23746.0	gene
C1858386	disease
C3489532	disease
C0015397	disease
C4085590	disease
C0339527	disease
C2751763	disease
C2751764	disease
C4277690	disease
203.0	gene
C2675459	disease
C0151744	disease
C0334634	disease
C0751958	disease
122481.0	gene
C4693784	disease
231.0	gene
C0086543	disease
C0524524	disease
C1510497	disease
C0014170	disease
C0476089	disease
C0035222	disease
C0342257	disease
C0014175	disease
C0269102	disease
DB15293	drug
DB02383	drug
DB02712	drug
1646.0	gene
C0007621	disease
C1839840	disease
C0032460	disease
C1136382	disease
C0019269	disease
C0027661	disease
C0033804	disease
C0036875	disease
C0266362	disease
C2930618	disease
C2930619	disease
C3151303	disease
8644.0	gene
C0564408	disease
C3658266	disease
C3658267	disease
6718.0	gene
C1856127	disease
C0018995	disease
C0392514	disease
C0008370	disease
C0085605	disease
160428.0	gene
285.0	gene
C0018923	disease
51129.0	gene
C0024232	disease
C0010054	disease
C1956346	disease
C0015695	disease
C0020557	disease
C2711227	disease
56311.0	gene
84168.0	gene
C1865871	disease
C0406723	disease
301.0	gene
C0024667	disease
C1257925	disease
C0026640	disease
C0153381	disease
C0038354	disease
C0376634	disease
C0022658	disease
C0279626	disease
316.0	gene
130340.0	gene
C0030246	disease
C0343055	disease
C0392439	disease
C4015235	disease
C0033860	disease
C3860213	disease
339.0	gene
346.0	gene
319.0	gene
80832.0	gene
23237.0	gene
C0009171	disease
C0236736	disease
C0600427	disease
C0026650	disease
C0266487	disease
9824.0	gene
84159.0	gene
C0018213	disease
C0010606	disease
402.0	gene
23204.0	gene
C3810294	disease
C0037772	disease
151188.0	gene
C0345419	disease
80210.0	gene
C0431399	disease
C3714756	disease
C4539937	disease
C4551568	disease
56938.0	gene
C0085762	disease
10109.0	gene
429.0	gene
C0242488	disease
C0020796	disease
C0025363	disease
C0917816	disease
C0149925	disease
C1275808	disease
C1859049	disease
80816.0	gene
C3809650	disease
C0079772	disease
C1535926	disease
467.0	gene
C0238281	disease
C0740376	disease
C0740391	disease
C0740392	disease
C0751845	disease
C0751846	disease
C0751847	disease
C0751848	disease
C0751849	disease
C0919267	disease
C1140680	disease
C0002152	disease
C0011853	disease
C0011860	disease
C0038433	disease
C0848558	disease
C0021400	disease
C0033141	disease
C0036529	disease
C0878544	disease
468.0	gene
C0003129	disease
C0003130	disease
C0021367	disease
C0242184	disease
C0700292	disease
C1134719	disease
478.0	gene
C0013421	disease
C0242422	disease
C0242423	disease
C0393588	disease
C0393610	disease
C0751093	disease
C0752097	disease
C0752098	disease
C0752100	disease
C0752101	disease
C0752104	disease
C0752105	disease
C1868675	disease
C1868681	disease
C0018801	disease
C0018802	disease
C0023212	disease
C0235527	disease
C0242698	disease
C1959583	disease
C1961112	disease
C0178417	disease
C0338488	disease
C1832466	disease
C3549447	disease
C3553788	disease
DB01396	drug
DB01078	drug
DB00390	drug
DB00511	drug
DB13467	drug
50617.0	gene
C1864498	disease
C1704380	disease
5205.0	gene
C4551898	disease
C4551899	disease
C3549845	disease
C0268318	disease
C0008372	disease
C0268312	disease
C3489728	disease
64756.0	gene
C4757950	disease
6790.0	gene
C0002938	disease
C1257806	disease
C0007112	disease
C0278883	disease
C1319315	disease
DB05220	drug
DB11778	drug
DB11694	drug
DB05608	drug
563.0	gene
C0037199	disease
C0001418	disease
C0024121	disease
C0205641	disease
C0205642	disease
C0205643	disease
C0205644	disease
C0205645	disease
C0242379	disease
572.0	gene
C0007787	disease
C0472381	disease
C0751019	disease
C0751020	disease
C0751021	disease
C0751022	disease
C0917805	disease
C1527335	disease
C0023418	disease
578.0	gene
C0007102	disease
C0009375	disease
C0027746	disease
C0019207	disease
C0019208	disease
C0023904	disease
C0086404	disease
C0027051	disease
8815.0	gene
C3151446	disease
8537.0	gene
C2931456	disease
C4722327	disease
586.0	gene
64919.0	gene
C0024299	disease
C4310656	disease
C4748152	disease
10018.0	gene
C0008313	disease
C0566602	disease
53630.0	gene
C2676023	disease
C2676024	disease
623.0	gene
C0014556	disease
C0014558	disease
C0393672	disease
C0393682	disease
DB12563	drug
8678.0	gene
C0038220	disease
C0270823	disease
C0311335	disease
C0393734	disease
C0751522	disease
C0751523	disease
C0751524	disease
C0752347	disease
139105.0	gene
C0087031	disease
C3495559	disease
C3714758	disease
C4552091	disease
C4704862	disease
79365.0	gene
C0751508	disease
C0751509	disease
C0751510	disease
C0751511	disease
C0851578	disease
C4042891	disease
23743.0	gene
C0008924	disease
C0008925	disease
C1837218	disease
DB04455	drug
330.0	gene
C0019693	disease
C4505456	disease
C0005684	disease
C0005695	disease
C0023434	disease
C0026764	disease
C0242647	disease
DB11782	drug
654.0	gene
C0162820	disease
C0023493	disease
C0282193	disease
658.0	gene
C1832702	disease
C0015393	disease
C0025322	disease
C1836182	disease
C4225404	disease
C1300268	disease
C1862103	disease
C0152171	disease
C3203102	disease
C0265260	disease
C1862151	disease
C4225183	disease
C1856738	disease
C2930970	disease
C4317009	disease
C4505353	disease
C0278701	disease
C0878659	disease
388962.0	gene
C3280378	disease
C3502075	disease
6046.0	gene
C0025149	disease
C0205833	disease
C0278510	disease
C0278876	disease
C0751291	disease
C1275668	disease
C0017636	disease
C0334588	disease
C1621958	disease
DB12000	drug
DB15189	drug
694.0	gene
10950.0	gene
C0007134	disease
C0279702	disease
C1266042	disease
C1266043	disease
C1266044	disease
C1306837	disease
695.0	gene
C0221026	disease
C0001768	disease
C0086438	disease
C0472813	disease
C0345958	disease
C0496956	disease
C0858252	disease
C0000000	disease
DB11703	drug
DB15035	drug
DB09053	drug
DB15327	drug
DB15170	drug
701.0	gene
C0025958	disease
C0206656	disease
C1850343	disease
C1956147	disease
C2931286	disease
C2931383	disease
C3853041	disease
C1864389	disease
C0027654	disease
C0027658	disease
C0205851	disease
C0205852	disease
C0740345	disease
C0751364	disease
C0751365	disease
C0035412	disease
C4733331	disease
143379.0	gene
C0013146	disease
C0013170	disease
C0013222	disease
C0029231	disease
C0038580	disease
C0038586	disease
C0236969	disease
C0740858	disease
C1510472	disease
C4316881	disease
113246.0	gene
C1857512	disease
114899.0	gene
127795.0	gene
55286.0	gene
727.0	gene
C0031154	disease
C1449646	disease
C1449647	disease
C0024138	disease
C0272242	disease
C0343047	disease
C0003257	disease
C0021051	disease
729.0	gene
C2676232	disease
C0006663	disease
C0018824	disease
C0263628	disease
C0521174	disease
730.0	gene
C1864694	disease
735.0	gene
C3151189	disease
C0011633	disease
C0015456	disease
C0015704	disease
C0041834	disease
C0221056	disease
C0263666	disease
C0343097	disease
C0027412	disease
C0029095	disease
C0524661	disease
C0524662	disease
C1527402	disease
C4551628	disease
C0345967	disease
C0242383	disease
C3810042	disease
C0025294	disease
C1135745	disease
C1135746	disease
C1135747	disease
C1136209	disease
C1136210	disease
377677.0	gene
DB08329	drug
763.0	gene
C3810404	disease
767.0	gene
C2750509	disease
C0394006	disease
57010.0	gene
C0339535	disease
C4041558	disease
C3696898	disease
778.0	gene
C1848172	disease
C0268505	disease
C1845407	disease
C1850362	disease
C1864877	disease
C3495587	disease
C3501847	disease
C3711543	disease
DB00343	drug
DB01023	drug
DB00270	drug
DB04855	drug
DB00381	drug
DB13725	drug
DB00661	drug
DB01115	drug
DB00622	drug
DB00393	drug
DB00401	drug
55799.0	gene
DB01244	drug
DB12944	drug
DB12105	drug
DB12032	drug
93589.0	gene
C1864849	disease
783.0	gene
C0264893	disease
C0348626	disease
C0428908	disease
C1142166	disease
C1399226	disease
C2748542	disease
C4551804	disease
C0151879	disease
C2678477	disease
C0007194	disease
59283.0	gene
800.0	gene
79587.0	gene
C4225251	disease
55871.0	gene
C1968949	disease
54535.0	gene
C0236733	disease
C0236804	disease
C0236807	disease
6356.0	gene
C0013182	disease
C0007786	disease
C0917798	disease
C0034069	disease
C4721507	disease
C0035228	disease
C0011615	disease
C0086196	disease
C0020517	disease
C1527304	disease
C0949804	disease
C0004096	disease
6363.0	gene
6347.0	gene
C0027707	disease
C0041349	disease
C0032226	disease
C0027055	disease
C0085129	disease
C0035126	disease
C0853193	disease
C0037926	disease
C0742803	disease
C0020542	disease
C0524620	disease
C0020500	disease
C1298681	disease
C0007222	disease
C0041327	disease
C0011881	disease
C0017667	disease
C0038219	disease
C0080178	disease
C0266508	disease
C0007273	disease
C0577631	disease
C0600178	disease
C0750986	disease
C0750987	disease
C0022876	disease
C0023283	disease
C0086540	disease
C0086541	disease
C0035304	disease
C0241910	disease
C0013264	disease
C0917713	disease
C3542021	disease
C0010346	disease
C0156147	disease
C0267380	disease
C0678202	disease
C0949272	disease
C0040128	disease
C0040136	disease
C0151468	disease
C0549473	disease
C0041956	disease
C0020456	disease
C0020459	disease
C1257963	disease
C1257964	disease
C1257965	disease
C1855520	disease
C0876994	disease
C0235833	disease
C0265699	disease
C0265700	disease
C0011999	disease
C0027794	disease
C0027806	disease
C0080218	disease
C0152234	disease
C0152426	disease
C0266453	disease
C0344479	disease
C0702169	disease
C1834752	disease
6367.0	gene
894.0	gene
C1879677	disease
C0152427	disease
C1863924	disease
C4014742	disease
C0023467	disease
C0026998	disease
C1879321	disease
C0009451	disease
C0020255	disease
C0020256	disease
C0220697	disease
C0221355	disease
C0270720	disease
C0477432	disease
C0549423	disease
C1531647	disease
C1845668	disease
C1868120	disease
C2936718	disease
C2936786	disease
C3887487	disease
C4282400	disease
C0684249	disease
C4012727	disease
1236.0	gene
135228.0	gene
C3853779	disease
C3854603	disease
929.0	gene
C0013595	disease
C0011991	disease
C1262477	disease
10666.0	gene
C0024141	disease
C0242380	disease
917.0	gene
C0494261	disease
C3810107	disease
960.0	gene
C0023487	disease
C0037274	disease
C0274861	disease
C0274862	disease
C0311375	disease
C0751851	disease
C0751852	disease
C0042900	disease
C0022660	disease
C1565662	disease
C2609414	disease
C0017661	disease
C0009405	disease
C0032580	disease
C1333990	disease
C2713442	disease
C2713443	disease
C4552100	disease
922.0	gene
968.0	gene
C1862939	disease
C1862941	disease
C4551993	disease
C0022116	disease
C0003872	disease
C0005398	disease
9308.0	gene
8832.0	gene
55143.0	gene
C0010308	disease
C1563716	disease
64405.0	gene
1020.0	gene
C4225359	disease
C0949664	disease
DB12021	drug
DB08142	drug
DB06195	drug
DB12686	drug
8999.0	gene
C1335167	disease
1026.0	gene
C0021841	disease
C0346627	disease
C0007138	disease
C0030354	disease
C0205874	disease
C0205875	disease
C0238288	disease
C0025267	disease
C0004238	disease
C0235480	disease
C2585653	disease
C3468561	disease
91368.0	gene
50937.0	gene
C0079541	disease
C3280215	disease
C4053775	disease
C0238198	disease
C3179349	disease
C0431362	disease
C0431363	disease
C0751617	disease
1040.0	gene
1062.0	gene
C0265202	disease
C4015080	disease
C1292778	disease
57562.0	gene
C1865384	disease
22995.0	gene
C3553886	disease
C1858516	disease
C3151187	disease
C4551474	disease
C0431350	disease
C3711387	disease
29105.0	gene
1081.0	gene
C0018991	disease
C0085622	disease
C0154693	disease
C0154694	disease
C0278110	disease
C0392550	disease
C0521662	disease
C0751195	disease
C2931367	disease
C0028960	disease
C0001621	disease
C0029928	disease
C0042131	disease
C1720816	disease
8208.0	gene
C0026636	disease
400916.0	gene
C3888102	disease
C4014648	disease
C4015513	disease
C0002736	disease
C3554398	disease
51142.0	gene
C4225238	disease
54927.0	gene
1105.0	gene
C4540131	disease
C0025261	disease
C0233794	disease
C0751292	disease
C0751293	disease
C0751294	disease
C0751295	disease
1116.0	gene
C0017638	disease
C0259783	disease
C0555198	disease
C2677770	disease
10752.0	gene
C0015923	disease
C2985290	disease
1132.0	gene
C0007398	disease
C0338650	disease
C0750992	disease
C0750993	disease
C0040822	disease
C0040827	disease
C0149840	disease
C0234370	disease
C0234371	disease
C0234372	disease
C0234373	disease
C0234374	disease
C0234375	disease
C0234376	disease
C0234377	disease
C0234378	disease
C0234379	disease
C0234381	disease
C0235078	disease
C0235081	disease
C0235082	disease
C0235083	disease
C0235843	disease
C0751564	disease
C0751565	disease
C1527384	disease
DB15357	drug
64377.0	gene
C4015729	disease
C4748093	disease
C1849193	disease
10518.0	gene
C1568247	disease
C1836199	disease
C3553944	disease
C3711374	disease
C1384666	disease
1149.0	gene
63924.0	gene
C3808940	disease
C1720859	disease
C1720860	disease
C1720861	disease
10370.0	gene
C0018816	disease
C0344724	disease
C0344730	disease
C0026846	disease
C0270948	disease
C3280790	disease
C0018818	disease
C0037221	disease
C0039685	disease
C3280783	disease
1158.0	gene
C0948089	disease
1164.0	gene
23529.0	gene
C1832409	disease
C1848947	disease
C1853198	disease
9076.0	gene
C1843355	disease
C0086873	disease
C2936846	disease
5010.0	gene
C0026769	disease
C0751324	disease
149461.0	gene
C1855466	disease
C2931121	disease
C4721891	disease
1364.0	gene
C0027643	disease
51266.0	gene
56942.0	gene
1258.0	gene
C3151066	disease
26507.0	gene
5067.0	gene
26047.0	gene
C2750246	disease
C4552043	disease
C1970431	disease
C0023012	disease
C0023014	disease
C0241210	disease
C0454655	disease
C0751257	disease
C1510586	disease
C0038131	disease
C0038506	disease
C0454542	disease
C0751527	disease
C0751528	disease
C0751529	disease
C3489627	disease
C0751217	disease
C3887506	disease
388753.0	gene
C4225304	disease
C1858424	disease
1690.0	gene
C1832425	disease
1303.0	gene
C0410179	disease
C1834674	disease
C4225313	disease
C4225314	disease
C3280240	disease
1310.0	gene
10987.0	gene
C0014518	disease
C0038325	disease
C1274933	disease
C3658301	disease
C3658302	disease
27235.0	gene
C3551954	disease
C3714927	disease
C0270733	disease
C1843920	disease
C0393571	disease
C4746986	disease
10391.0	gene
84987.0	gene
C0268237	disease
10063.0	gene
C0019189	disease
C0149519	disease
C0520463	disease
C0524611	disease
1327.0	gene
C0751651	disease
1329.0	gene
1340.0	gene
1351.0	gene
C0001969	disease
1373.0	gene
C4082171	disease
C0031190	disease
C0751753	disease
C0376618	disease
C0220994	disease
C4085580	disease
C0032927	disease
C0282313	disease
C0009421	disease
C0860634	disease
C3714958	disease
DB06775	drug
1374.0	gene
C1829703	disease
C0011849	disease
9586.0	gene
C0000809	disease
9244.0	gene
C0014848	disease
C0859976	disease
1406.0	gene
C3151192	disease
C3540662	disease
1407.0	gene
C0023473	disease
C0085159	disease
C0393770	disease
C0494410	disease
C0751758	disease
C0751759	disease
C0751760	disease
C0877792	disease
1419.0	gene
C3808800	disease
C0266539	disease
C1855179	disease
1437.0	gene
C0024302	disease
C0024304	disease
C0024305	disease
C0024306	disease
C0079740	disease
C0079741	disease
C0079747	disease
C0079757	disease
C0079770	disease
C3714542	disease
C4721532	disease
C0205944	disease
C0205945	disease
C1261473	disease
C0001824	disease
C0002871	disease
C0017181	disease
C0018932	disease
C0002874	disease
C0178416	disease
C0242594	disease
C0242596	disease
C0543478	disease
C0015423	disease
C0023290	disease
C2931245	disease
C3808553	disease
C3810350	disease
C0349639	disease
C0085090	disease
C0042487	disease
C0149871	disease
C0333355	disease
C0040034	disease
C0151786	disease
C0002622	disease
C0233750	disease
C0233796	disease
C0236795	disease
C0262497	disease
C0750906	disease
C0750907	disease
1441.0	gene
C0023518	disease
C0151857	disease
C0340970	disease
C0543669	disease
C4310764	disease
C0023481	disease
C1292772	disease
C3463824	disease
1491.0	gene
C0220993	disease
C0268616	disease
C3495552	disease
C0035320	disease
C4017108	disease
C0015934	disease
8029.0	gene
C1306856	disease
C4551825	disease
C0002888	disease
80157.0	gene
1525.0	gene
2919.0	gene
C0036982	disease
C0024117	disease
C1527303	disease
10563.0	gene
2920.0	gene
2921.0	gene
C1135196	disease
3576.0	gene
C0002965	disease
C0086666	disease
C0030200	disease
C0032768	disease
C0030805	disease
C0015967	disease
C0004763	disease
C1258085	disease
C0013080	disease
C0432416	disease
C0432417	disease
C0751081	disease
C0006625	disease
C0344315	disease
C0014869	disease
C0017168	disease
C0162848	disease
C0013604	disease
C0151603	disease
C0011206	disease
C0015404	disease
C0022568	disease
C0038160	disease
C1318973	disease
C0155862	disease
C0019202	disease
C1527352	disease
C0019187	disease
C0524610	disease
C0029172	disease
C0036118	disease
3579.0	gene
C0024894	disease
C3850148	disease
C3852953	disease
DB12614	drug
DB12135	drug
DB11922	drug
1536.0	gene
C1844376	disease
C0018203	disease
C3661525	disease
C1970859	disease
C0393953	disease
C0751952	disease
C0751953	disease
C0751954	disease
C0751955	disease
C0033687	disease
C1863999	disease
1544.0	gene
C0162566	disease
C0025637	disease
C0809983	disease
1593.0	gene
C0238052	disease
C0036572	disease
C0393720	disease
C0005944	disease
C0029453	disease
1555.0	gene
C0206726	disease
C0036349	disease
C0349204	disease
C1861063	disease
C3281153	disease
1562.0	gene
23500.0	gene
C0001787	disease
C0029456	disease
C0029459	disease
C0751406	disease
164781.0	gene
138009.0	gene
123879.0	gene
1641.0	gene
C4551968	disease
C0265219	disease
C0431375	disease
C1848199	disease
C1848201	disease
C1955870	disease
1672.0	gene
8214.0	gene
C0012236	disease
C0220704	disease
C0795907	disease
51635.0	gene
27185.0	gene
C0236792	disease
C0005587	disease
C0011757	disease
C0026613	disease
C0003469	disease
C0011573	disease
C0025193	disease
C0086133	disease
C0282126	disease
C0376280	disease
C1279420	disease
10395.0	gene
1747.0	gene
C0399373	disease
C1863012	disease
C0265333	disease
1750.0	gene
C0265554	disease
C1857344	disease
C2931019	disease
1758.0	gene
C4551495	disease
C0029410	disease
C0342643	disease
C1832708	disease
C3554446	disease
C3809104	disease
1767.0	gene
C1837618	disease
C0006267	disease
C0266642	disease
C4551720	disease
1769.0	gene
C1456784	disease
3337.0	gene
C0334287	disease
374407.0	gene
C0022521	disease
C4310722	disease
C4317124	disease
C4551906	disease
131118.0	gene
C1857776	disease
C4039473	disease
55619.0	gene
54344.0	gene
C2752007	disease
C0686353	disease
C4510743	disease
1803.0	gene
DB08882	drug
DB04876	drug
DB11992	drug
DB01261	drug
DB06335	drug
DB06203	drug
DB15323	drug
DB11950	drug
1824.0	gene
C1864850	disease
92126.0	gene
1829.0	gene
C1857777	disease
C0340427	disease
C2752072	disease
1847.0	gene
79659.0	gene
C0036069	disease
C0432197	disease
C0024507	disease
C0036996	disease
C0265275	disease
1870.0	gene
1893.0	gene
C0023795	disease
345930.0	gene
60401.0	gene
C0162359	disease
10085.0	gene
1942.0	gene
1946.0	gene
1948.0	gene
C0265780	disease
C0456891	disease
C4082952	disease
C4547080	disease
23741.0	gene
C0025500	disease
27102.0	gene
C0002878	disease
C0002879	disease
C0002889	disease
C0221021	disease
9451.0	gene
C0432217	disease
C0038868	disease
C4551862	disease
C4551863	disease
C0158981	disease
8894.0	gene
9775.0	gene
C1849348	disease
C0009081	disease
C0013336	disease
C0018564	disease
C0031900	disease
C0152423	disease
C0158489	disease
C0349588	disease
C0685786	disease
C2919142	disease
1993.0	gene
1995.0	gene
2000.0	gene
9844.0	gene
C0279628	disease
79071.0	gene
133418.0	gene
2012.0	gene
387712.0	gene
5167.0	gene
C1865343	disease
C4551985	disease
C2750078	disease
C3809781	disease
C0033847	disease
C1859727	disease
5168.0	gene
C0019158	disease
DB15403	drug
2042.0	gene
C0149782	disease
C1335302	disease
DB05294	drug
2045.0	gene
C0019080	disease
2067.0	gene
C0015625	disease
C0043346	disease
C0220722	disease
C1853100	disease
C1859312	disease
C2931277	disease
C0039590	disease
C0153594	disease
C1720811	disease
C2931822	disease
C0007873	disease
C4048328	disease
C0001956	disease
C0751038	disease
C0004403	disease
C0008625	disease
2069.0	gene
C0162568	disease
C0349426	disease
54206.0	gene
11082.0	gene
9700.0	gene
C0036095	disease
C0220636	disease
2119.0	gene
2131.0	gene
C0008479	disease
C0015306	disease
C0023003	disease
C0029463	disease
2146.0	gene
C0001815	disease
C1301355	disease
C2713368	disease
C0265210	disease
C1860789	disease
C0024301	disease
C0079745	disease
C0079758	disease
C0079765	disease
C1956130	disease
C1956131	disease
C1956132	disease
C0010278	disease
C0030044	disease
C0221356	disease
C0265534	disease
C0265535	disease
C0749794	disease
C1833340	disease
C1860819	disease
C2931150	disease
C4551902	disease
C0333704	disease
C0376628	disease
C0023480	disease
C0079731	disease
C0280100	disease
C1332201	disease
DB12887	drug
2165.0	gene
C2750481	disease
C0015530	disease
C4016042	disease
81889.0	gene
2187.0	gene
C1845292	disease
C1848599	disease
C2931228	disease
C4228778	disease
C0278996	disease
C1848600	disease
C2749240	disease
C3495676	disease
C0023465	disease
C0030312	disease
C1855710	disease
C3468041	disease
2194.0	gene
C0023827	disease
C0205824	disease
C0205825	disease
C1370889	disease
C0086132	disease
C0007193	disease
C1449563	disease
C4551472	disease
2200.0	gene
C0024796	disease
C3541518	disease
C4707243	disease
C1858556	disease
C1869115	disease
C4310796	disease
C4721845	disease
C1321551	disease
C0003496	disease
C0741160	disease
C0265287	disease
C1861456	disease
C3280054	disease
C4016054	disease
C3489726	disease
C0162872	disease
C0340630	disease
C0003706	disease
C0013581	disease
C0265313	disease
C1851286	disease
C1869114	disease
C2746069	disease
C2931588	disease
2209.0	gene
338557.0	gene
C2675659	disease
2244.0	gene
C2584774	disease
C0272350	disease
C0001733	disease
C4316812	disease
2259.0	gene
C0007302	disease
C0085700	disease
C1836383	disease
C0598589	disease
26291.0	gene
C0011854	disease
C0205734	disease
C0342302	disease
C3837958	disease
C4554117	disease
2254.0	gene
C0175700	disease
C0342282	disease
C2751826	disease
2274.0	gene
9158.0	gene
C4310715	disease
51024.0	gene
C0600519	disease
C0600520	disease
C2931673	disease
28982.0	gene
C1836916	disease
252995.0	gene
C0553980	disease
2296.0	gene
C0265341	disease
C0266548	disease
C0344559	disease
C2678503	disease
C1839928	disease
C3714873	disease
C0003076	disease
C3495488	disease
C0010964	disease
C0087012	disease
C0752120	disease
C0752121	disease
C0752122	disease
C0752123	disease
C0752124	disease
C0752125	disease
C3887633	disease
C4310809	disease
C0038454	disease
C0017612	disease
C0271148	disease
C0339573	disease
C1866560	disease
2290.0	gene
C2748910	disease
C3150705	disease
C0022333	disease
C0149958	disease
C0234533	disease
C0234535	disease
C0270824	disease
C0270844	disease
C0270846	disease
C0422850	disease
C0422852	disease
C0422853	disease
C0422854	disease
C0422855	disease
C0494475	disease
C0751056	disease
C0751110	disease
C0751123	disease
C0751494	disease
C0751495	disease
C0751496	disease
C0796147	disease
C3495874	disease
C4048158	disease
C4316903	disease
C4317109	disease
C4317123	disease
C4505436	disease
C4305240	disease
C4749855	disease
668.0	gene
C0220663	disease
C1837008	disease
C2931135	disease
C1862262	disease
C1862263	disease
C1862264	disease
C1970106	disease
C0334401	disease
C1567257	disease
C0022548	disease
C1332218	disease
C1370419	disease
C3714208	disease
2308.0	gene
C0022578	disease
C0206655	disease
2357.0	gene
C0031099	disease
55691.0	gene
C4225193	disease
23150.0	gene
2487.0	gene
C3887876	disease
56884.0	gene
C0024713	disease
53827.0	gene
7855.0	gene
C0155299	disease
C0266551	disease
C0344516	disease
C0521573	disease
C1852767	disease
C4708599	disease
2560.0	gene
C0019147	disease
C0019151	disease
C0751197	disease
C0751198	disease
C0270496	disease
C4310691	disease
DB01236	drug
DB00818	drug
DB00273	drug
DB01028	drug
DB06119	drug
DB00794	drug
2564.0	gene
DB06753	drug
DB00292	drug
DB00753	drug
DB11859	drug
DB00659	drug
DB01189	drug
2566.0	gene
C1843244	disease
C1858674	disease
C0751122	disease
C0009952	disease
C0149886	disease
C0751057	disease
C0376532	disease
C2363129	disease
C1838604	disease
C3502809	disease
DB01068	drug
DB00404	drug
DB00683	drug
DB00349	drug
DB00829	drug
DB00425	drug
DB05087	drug
4616.0	gene
2543.0	gene
57452.0	gene
2593.0	gene
C0574080	disease
C0002514	disease
C0750905	disease
2596.0	gene
C0013415	disease
C0019569	disease
C0019829	disease
C0020179	disease
2597.0	gene
2624.0	gene
C3280030	disease
C0243050	disease
C3279664	disease
C0024236	disease
C1704423	disease
C0026985	disease
C4707228	disease
2625.0	gene
C1840333	disease
C0152266	disease
C0152267	disease
C0220597	disease
C1266194	disease
C1334968	disease
C0006413	disease
C1292769	disease
C0023485	disease
C0014457	disease
C0014458	disease
C0025568	disease
C2930967	disease
2641.0	gene
C0020672	disease
C0009806	disease
C0237326	disease
C1257861	disease
C1879526	disease
C0003123	disease
C0428977	disease
C0020473	disease
C1706412	disease
C0037763	disease
C0151911	disease
C0235229	disease
C0039239	disease
C0007370	disease
C0233612	disease
2643.0	gene
C1851920	disease
C0013386	disease
C0751088	disease
C0268467	disease
C0026837	disease
C0086439	disease
C0151564	disease
C0231519	disease
C0233565	disease
C0233608	disease
C0239325	disease
C0242684	disease
C0277821	disease
C0751701	disease
C1320474	disease
C1855483	disease
C0026858	disease
2653.0	gene
C0268560	disease
C0751748	disease
C0268561	disease
C0268562	disease
C0751747	disease
9518.0	gene
C0002896	disease
C0017185	disease
C0685938	disease
392255.0	gene
C1861689	disease
C2751307	disease
C3150968	disease
C0022738	disease
C4693531	disease
C2931501	disease
C3715164	disease
C0344490	disease
2661.0	gene
C4693941	disease
C0085215	disease
2693.0	gene
C1858656	disease
C0012243	disease
C0751075	disease
DB12128	drug
DB06645	drug
DB14870	drug
DB13074	drug
51659.0	gene
2696.0	gene
C0005910	disease
2737.0	gene
C0265306	disease
C0265220	disease
C2931760	disease
C0162835	disease
C0265553	disease
C1868111	disease
C0265633	disease
C0342418	disease
169792.0	gene
C1857775	disease
C0018784	disease
C0020302	disease
C0424503	disease
C1567435	disease
C0017605	disease
10539.0	gene
51206.0	gene
C3280120	disease
2815.0	gene
C0005129	disease
C1319466	disease
C1857941	disease
C1856448	disease
C2713537	disease
151306.0	gene
2719.0	gene
C0796154	disease
C0027708	disease
C2930471	disease
10082.0	gene
C0206762	disease
C1850318	disease
C2936816	disease
2819.0	gene
C3280953	disease
4935.0	gene
C0342684	disease
C3151752	disease
C0028738	disease
C1963184	disease
C4554036	disease
9052.0	gene
64388.0	gene
C4310638	disease
2936.0	gene
C0033626	disease
C0270715	disease
C0524851	disease
C0751733	disease
C0393554	disease
C0543859	disease
C0020550	disease
C3714618	disease
C0020615	disease
C0271708	disease
C0271710	disease
C1456865	disease
C0520572	disease
DB00262	drug
DB03310	drug
373156.0	gene
2954.0	gene
C1291607	disease
C0042594	disease
2971.0	gene
2986.0	gene
8908.0	gene
C0017919	disease
2994.0	gene
C0024530	disease
2995.0	gene
C0013902	disease
2996.0	gene
3029.0	gene
54363.0	gene
10456.0	gene
C1853118	disease
79885.0	gene
DB06603	drug
DB06176	drug
DB05015	drug
DB12565	drug
DB11841	drug
DB12291	drug
DB11830	drug
3070.0	gene
C0398788	disease
C4310798	disease
220296.0	gene
C1854416	disease
C3151355	disease
C3151356	disease
C1858854	disease
341208.0	gene
C1849811	disease
51191.0	gene
8820.0	gene
C0338503	disease
C2751608	disease
C0162809	disease
C0338502	disease
C2930844	disease
29923.0	gene
3094.0	gene
C0242287	disease
C0026848	disease
C2932678	disease
C0751919	disease
C4521481	disease
3098.0	gene
C3150343	disease
C1854449	disease
C4479526	disease
C0004134	disease
C0037822	disease
C0557874	disease
C0852413	disease
C3665347	disease
C0472792	disease
3145.0	gene
C0162565	disease
C2936779	disease
9456.0	gene
C0237123	disease
C0018524	disease
C0029226	disease
C0233759	disease
C0233762	disease
C0233763	disease
C0233765	disease
C0233766	disease
C0233767	disease
C0233773	disease
C0233774	disease
C0233775	disease
C0233776	disease
C0235153	disease
C0424068	disease
C0424071	disease
C0424072	disease
C0424082	disease
C0424083	disease
C0544668	disease
C0563608	disease
C0563661	disease
C0751175	disease
C0751176	disease
51361.0	gene
3215.0	gene
10855.0	gene
C0027720	disease
C0349217	disease
3269.0	gene
C0035455	disease
C0033774	disease
C2607914	disease
C0038587	disease
C0086189	disease
C0087169	disease
DB13679	drug
DB00341	drug
DB00972	drug
DB06282	drug
DB00985	drug
DB00283	drug
DB01069	drug
DB00748	drug
DB00557	drug
DB01246	drug
DB11591	drug
DB00950	drug
DB06766	drug
DB00768	drug
59340.0	gene
DB12522	drug
DB15027	drug
3309.0	gene
C1846707	disease
C0003949	disease
C2930617	disease
3310.0	gene
10808.0	gene
3359.0	gene
C0687132	disease
DB11699	drug
DB01233	drug
DB11675	drug
DB00904	drug
DB09290	drug
DB00377	drug
170572.0	gene
DB13256	drug
DB04832	drug
DB06288	drug
DB01191	drug
3383.0	gene
C0011884	disease
C0282548	disease
C0032231	disease
C0042109	disease
C0019284	disease
C0041948	disease
C0035235	disease
C0035309	disease
C0751956	disease
C0021390	disease
3398.0	gene
8870.0	gene
C0162823	disease
10437.0	gene
10561.0	gene
163702.0	gene
3475.0	gene
C1843884	disease
10642.0	gene
3551.0	gene
C4747743	disease
C0857007	disease
C1565885	disease
C1565886	disease
C4748694	disease
C0271650	disease
DB05983	drug
22806.0	gene
C0855095	disease
C1868683	disease
8809.0	gene
3554.0	gene
9173.0	gene
3568.0	gene
3569.0	gene
C0020437	disease
C0026141	disease
C0032963	disease
C0025290	disease
C0239981	disease
C0017531	disease
C0019061	disease
C0014324	disease
C4316791	disease
C0023281	disease
C0001925	disease
C0206698	disease
C0345905	disease
C3805278	disease
C0004364	disease
C0020503	disease
C1368275	disease
C4721806	disease
C0023891	disease
C0338715	disease
C0010246	disease
C0027059	disease
C0869523	disease
C0151526	disease
C0018681	disease
C0028838	disease
C0423618	disease
C0423623	disease
C0474366	disease
C0751186	disease
C0751187	disease
C0751189	disease
C0751190	disease
C0751192	disease
C0877781	disease
C0085655	disease
C0162668	disease
C0162669	disease
C0162670	disease
C0263984	disease
C0343755	disease
C0554591	disease
C0949496	disease
C0005138	disease
C2350873	disease
C0029458	disease
C0007772	disease
C0036220	disease
C0751008	disease
C0917804	disease
C1384600	disease
C1858558	disease
286676.0	gene
C1864818	disease
3613.0	gene
3624.0	gene
C0162557	disease
C0032914	disease
C0023267	disease
C0042133	disease
C0042138	disease
C0153567	disease
C0948216	disease
26034.0	gene
C0023448	disease
23096.0	gene
C1136249	disease
C2931498	disease
C2749022	disease
C1845181	disease
C0795864	disease
154865.0	gene
79191.0	gene
81689.0	gene
C4539919	disease
122961.0	gene
C4225348	disease
3684.0	gene
C0020877	disease
C0752332	disease
C0752334	disease
C0752335	disease
9832.0	gene
221037.0	gene
C1333813	disease
C0431406	disease
C2936346	disease
C3266101	disease
3753.0	gene
C1867904	disease
C2676723	disease
C0023976	disease
C1631597	disease
C0018781	disease
C1843687	disease
C0022387	disease
C0035828	disease
C4551509	disease
C0337443	disease
C1879645	disease
3775.0	gene
C0020507	disease
10984.0	gene
C0004903	disease
C0332890	disease
C1856184	disease
9132.0	gene
C2677637	disease
DB06637	drug
DB04953	drug
DB00536	drug
DB11640	drug
3790.0	gene
7403.0	gene
C0796004	disease
C3275495	disease
C0154017	disease
C0154091	disease
C0496930	disease
C0699885	disease
79831.0	gene
11081.0	gene
C1857574	disease
9674.0	gene
3835.0	gene
C1863732	disease
8462.0	gene
C1864839	disease
C0342276	disease
C3888631	disease
9314.0	gene
C0000768	disease
C0040053	disease
C0087086	disease
C0025286	disease
8609.0	gene
80311.0	gene
C4310818	disease
100144748.0	gene
C0018553	disease
C0346153	disease
C3554517	disease
3838.0	gene
3857.0	gene
C1721006	disease
C0343110	disease
C2931735	disease
C2936837	disease
C4551675	disease
3914.0	gene
C0268374	disease
C0399367	disease
C4011403	disease
C0079683	disease
C0079301	disease
C0079297	disease
C2608084	disease
10542.0	gene
3929.0	gene
C0026766	disease
353143.0	gene
84648.0	gene
3939.0	gene
C2931743	disease
C0027080	disease
3949.0	gene
C0034362	disease
C0519066	disease
C1443892	disease
C2973787	disease
C0010068	disease
7044.0	gene
C0175707	disease
C0265357	disease
C3178805	disease
C3178806	disease
C3178807	disease
C1167664	disease
3952.0	gene
C0020619	disease
C0028756	disease
C0271623	disease
C0948896	disease
C3489396	disease
C0236663	disease
C0019337	disease
C0600241	disease
C4505390	disease
C0149745	disease
C0221765	disease
C0556385	disease
C0085207	disease
C0021361	disease
C0038279	disease
C0341869	disease
C0917730	disease
C0020505	disease
C0032617	disease
C0085602	disease
C3554224	disease
3953.0	gene
C0021359	disease
C0729353	disease
C4074771	disease
C0025521	disease
C0034012	disease
C0035243	disease
C0041912	disease
C3554225	disease
C0497406	disease
C0011882	disease
C0271673	disease
C0271674	disease
C0271678	disease
C0271680	disease
C0271685	disease
C0271686	disease
C0393835	disease
C0751074	disease
C0018206	disease
C0017639	disease
C3887640	disease
C0027697	disease
C0035078	disease
C1565489	disease
C0162770	disease
C0030286	disease
C0032002	disease
C0751437	disease
C0751438	disease
144360.0	gene
3991.0	gene
C4014869	disease
4004.0	gene
C0023492	disease
C2931189	disease
4005.0	gene
4015.0	gene
C0019163	disease
C0019196	disease
C0003504	disease
C4284414	disease
C0003486	disease
2846.0	gene
C0238463	disease
10894.0	gene
389692.0	gene
C1578917	disease
23764.0	gene
1326.0	gene
256714.0	gene
153562.0	gene
C1857811	disease
4161.0	gene
4190.0	gene
9833.0	gene
10461.0	gene
C3151228	disease
C0040038	disease
C0034065	disease
C0524702	disease
C1708353	disease
8076.0	gene
C4015368	disease
93432.0	gene
DB04878	drug
DB06580	drug
4277.0	gene
C0019100	disease
C0376300	disease
4281.0	gene
C2936904	disease
58526.0	gene
4284.0	gene
C3809001	disease
C1854021	disease
C0392557	disease
C1112705	disease
C0344523	disease
C0858617	disease
407975.0	gene
C0796068	disease
C3280489	disease
554202.0	gene
51085.0	gene
C0175702	disease
27249.0	gene
C1848552	disease
C1848553	disease
C1848554	disease
4327.0	gene
C1969063	disease
118856.0	gene
C0002991	disease
C0206644	disease
C4225217	disease
56547.0	gene
84315.0	gene
C0012715	disease
27136.0	gene
25874.0	gene
4359.0	gene
C1843153	disease
C0270912	disease
C4722277	disease
C1843075	disease
C0205713	disease
C0011195	disease
C3888087	disease
C4755257	disease
C4721436	disease
C1835671	disease
C0007959	disease
C0019816	disease
C0027888	disease
C0270911	disease
C0270914	disease
C0751036	disease
3140.0	gene
4360.0	gene
28957.0	gene
2206.0	gene
C1319853	disease
C0020523	disease
C1840253	disease
4481.0	gene
4489.0	gene
4502.0	gene
C0282612	disease
C0349218	disease
C0403447	disease
C1561643	disease
4600.0	gene
4084.0	gene
4619.0	gene
8735.0	gene
4626.0	gene
C0265226	disease
C1837245	disease
283446.0	gene
79923.0	gene
340719.0	gene
C4706677	disease
C3809427	disease
89795.0	gene
23397.0	gene
C4693843	disease
8440.0	gene
C0027726	disease
135112.0	gene
9437.0	gene
4694.0	gene
C0023264	disease
C1838951	disease
C1850597	disease
C1850598	disease
C1850599	disease
C1850600	disease
C2931891	disease
C1838979	disease
C4746984	disease
DB00331	drug
126328.0	gene
C4748777	disease
51079.0	gene
C0749424	disease
C4748827	disease
4695.0	gene
C4748770	disease
C2751843	disease
4696.0	gene
4697.0	gene
4700.0	gene
C4748840	disease
4701.0	gene
91942.0	gene
C0752107	disease
C0752109	disease
C0752110	disease
C4748768	disease
79133.0	gene
C4748785	disease
4707.0	gene
4716.0	gene
54539.0	gene
C0796070	disease
C4225421	disease
C4746985	disease
C1708371	disease
4708.0	gene
4711.0	gene
4712.0	gene
4714.0	gene
C4748839	disease
4715.0	gene
C4748803	disease
4717.0	gene
4718.0	gene
4720.0	gene
C4748759	disease
C0162666	disease
C0917796	disease
4722.0	gene
C0029124	disease
C0751267	disease
C0751268	disease
C4748766	disease
81831.0	gene
9148.0	gene
4760.0	gene
C1853371	disease
4810.0	gene
C0796085	disease
C4049004	disease
C2930878	disease
C4049005	disease
1482.0	gene
C3276096	disease
C0152101	disease
C1857586	disease
C3280795	disease
C0266283	disease
C0749420	disease
C2673630	disease
C2931574	disease
C0027126	disease
C0410226	disease
C2931689	disease
C3502353	disease
C3280785	disease
C1879286	disease
C0685889	disease
C0149630	disease
C0428791	disease
C1260873	disease
C3887892	disease
C0085298	disease
22871.0	gene
4829.0	gene
4831.0	gene
64802.0	gene
C1837873	disease
C0043020	disease
C0525041	disease
56923.0	gene
266743.0	gene
1728.0	gene
C0023466	disease
C0023470	disease
C0028797	disease
C2608079	disease
DB11917	drug
10002.0	gene
C0339541	disease
C1849394	disease
C1970163	disease
7025.0	gene
C0010093	disease
C0029927	disease
C3810363	disease
4929.0	gene
C0023015	disease
C0233514	disease
C3160718	disease
8013.0	gene
C1275278	disease
9378.0	gene
C3280479	disease
C3808494	disease
9369.0	gene
221078.0	gene
4907.0	gene
C1859372	disease
4915.0	gene
C0008073	disease
C0085996	disease
C0085997	disease
C4693367	disease
C0678807	disease
C3146244	disease
C0004114	disease
C0205768	disease
C0280783	disease
C0280785	disease
C0334579	disease
C0334580	disease
C0334581	disease
C0334582	disease
C0334583	disease
C0338070	disease
C0547065	disease
C0750935	disease
C0750936	disease
C1519086	disease
C1704230	disease
DB11986	drug
DB14723	drug
4916.0	gene
C1332965	disease
C0016057	disease
318.0	gene
C0026827	disease
10204.0	gene
256646.0	gene
C1707291	disease
4938.0	gene
C0042769	disease
C2931035	disease
100506658.0	gene
C0019156	disease
C2931662	disease
C3489725	disease
C4552078	disease
170392.0	gene
10439.0	gene
4973.0	gene
5956.0	gene
C3887980	disease
C0339537	disease
C2931753	disease
C3159311	disease
341568.0	gene
9180.0	gene
C0268397	disease
C4551501	disease
C0268398	disease
146183.0	gene
C1846896	disease
5017.0	gene
C0206711	disease
5027.0	gene
C0020630	disease
DB12113	drug
DB12594	drug
DB15358	drug
55824.0	gene
51025.0	gene
C2750075	disease
C0431414	disease
25891.0	gene
5069.0	gene
11315.0	gene
C1853445	disease
C0520459	disease
C0206160	disease
100750225.0	gene
57575.0	gene
27253.0	gene
57526.0	gene
C1848137	disease
5100.0	gene
5101.0	gene
5105.0	gene
C0268194	disease
C0007570	disease
5122.0	gene
C1833053	disease
C2676498	disease
5145.0	gene
C3151139	disease
DB00975	drug
DB00806	drug
8622.0	gene
C0001627	disease
C3280094	disease
C4304832	disease
C0004782	disease
C0013362	disease
C0015371	disease
C0240952	disease
C0454596	disease
C0454597	disease
C0454598	disease
C0750951	disease
C1563666	disease
C1836694	disease
DB01148	drug
56034.0	gene
5166.0	gene
9260.0	gene
5174.0	gene
57162.0	gene
100131801.0	gene
5222.0	gene
C0014868	disease
5224.0	gene
C0268149	disease
5230.0	gene
C0684324	disease
C1970848	disease
5236.0	gene
C2752015	disease
C3808991	disease
5241.0	gene
C0205834	disease
C0259785	disease
C0281784	disease
C0334605	disease
C0334606	disease
C0334607	disease
C0334608	disease
C0334609	disease
C0334610	disease
C0334611	disease
C0347515	disease
C0349604	disease
C0431121	disease
C0457190	disease
C0751303	disease
C0751304	disease
C1334261	disease
C1334271	disease
C1335107	disease
C1384406	disease
C1384408	disease
C1527197	disease
C1565950	disease
C1565951	disease
C3163622	disease
C1849699	disease
DB00603	drug
DB00396	drug
DB00834	drug
DB06789	drug
DB00367	drug
DB00351	drug
DB04839	drug
DB00294	drug
DB08867	drug
DB01395	drug
7262.0	gene
8929.0	gene
C2751682	disease
C2751683	disease
C0038644	disease
5283.0	gene
C4747891	disease
8399.0	gene
DB05737	drug
5320.0	gene
C1839839	disease
DB11909	drug
5328.0	gene
C0018128	disease
C0151699	disease
C0553692	disease
C0751893	disease
C0338575	disease
C0751823	disease
C0751824	disease
C0006114	disease
C0472387	disease
C0472388	disease
C0750969	disease
C0750970	disease
C1527311	disease
C0007785	disease
C0751010	disease
C0751011	disease
C0751012	disease
C0751014	disease
C0887799	disease
C0007820	disease
C0241832	disease
C0596298	disease
C2937358	disease
C0034152	disease
C0042386	disease
C0086922	disease
C0242461	disease
C0376362	disease
C0003838	disease
C0005967	disease
C0279530	disease
C0149649	disease
C0002962	disease
C1800706	disease
C4721508	disease
C4721509	disease
C4721952	disease
C0403823	disease
C1866423	disease
C0003460	disease
C0018965	disease
C0042510	disease
C0007781	disease
C0018814	disease
C0877855	disease
C0936247	disease
5329.0	gene
345557.0	gene
54477.0	gene
5346.0	gene
C3151268	disease
10769.0	gene
C0346163	disease
10733.0	gene
C0015398	disease
C4015388	disease
C3502492	disease
5359.0	gene
83483.0	gene
C4748579	disease
C4014516	disease
5376.0	gene
C3495591	disease
C0016579	disease
C0023944	disease
C0030554	disease
C0034372	disease
C0034933	disease
C0151572	disease
C0151888	disease
C0151889	disease
C0234146	disease
C0234784	disease
C0235044	disease
C0241772	disease
C0270790	disease
C0277839	disease
C0277850	disease
C0278211	disease
C0392699	disease
C0426970	disease
C0522345	disease
C0558845	disease
C0558846	disease
C0558847	disease
C0576612	disease
C0743002	disease
C0751412	disease
C0751460	disease
C0751461	disease
C0751468	disease
C0751469	disease
C0751470	disease
C0751471	disease
C0751472	disease
C0751473	disease
C0751474	disease
C0751475	disease
C0751476	disease
C0751477	disease
C0751478	disease
C0751479	disease
C0751480	disease
C0751481	disease
C4551910	disease
C0393814	disease
C0014550	disease
C0338478	disease
C0338479	disease
C0393695	disease
C0393702	disease
C0393703	disease
C0438414	disease
C0751120	disease
C0917800	disease
C0011303	disease
C0011304	disease
C2350037	disease
C0018378	disease
C3542501	disease
C4083008	disease
25953.0	gene
C4551506	disease
C1869117	disease
5406.0	gene
C3280527	disease
DB01083	drug
DB06586	drug
4860.0	gene
C0268125	disease
DB06185	drug
DB12353	drug
285848.0	gene
C0020757	disease
C0043345	disease
C0079154	disease
C3554355	disease
C0020758	disease
C0079583	disease
5435.0	gene
51728.0	gene
51371.0	gene
C1866029	disease
C0206368	disease
C4747989	disease
5452.0	gene
5455.0	gene
C0454644	disease
C0856975	disease
C1858120	disease
C4225275	disease
8493.0	gene
C0677866	disease
C0751886	disease
C0751887	disease
C0751888	disease
C0751889	disease
C4479517	disease
84919.0	gene
C4225195	disease
84152.0	gene
C0013384	disease
C0152115	disease
C0221169	disease
C0232766	disease
C0427086	disease
C0454606	disease
C0752196	disease
5521.0	gene
C1858501	disease
9055.0	gene
639.0	gene
C0086981	disease
C1527336	disease
10935.0	gene
C0085084	disease
C0154681	disease
C0154682	disease
C0270763	disease
C0270764	disease
C0521659	disease
C0543858	disease
10216.0	gene
C0009917	disease
C0031046	disease
C1167732	disease
C1859690	disease
5568.0	gene
C4015405	disease
DB12745	drug
51422.0	gene
C1833236	disease
C0043202	disease
C1849813	disease
DB04944	drug
5582.0	gene
C1854369	disease
C0040997	disease
C0393786	disease
C0393787	disease
DB06595	drug
5626.0	gene
C0878683	disease
C0242343	disease
8492.0	gene
C1855304	disease
283659.0	gene
23362.0	gene
C1867439	disease
55851.0	gene
C0162836	disease
C1840560	disease
C3151037	disease
C3714534	disease
DB05289	drug
DB12463	drug
DB12005	drug
DB11893	drug
143471.0	gene
DB11762	drug
DB11991	drug
5699.0	gene
5691.0	gene
5702.0	gene
10213.0	gene
5710.0	gene
5733.0	gene
C0030804	disease
C1282359	disease
DB00929	drug
DB00917	drug
5734.0	gene
C0263454	disease
C0237873	disease
C0038013	disease
DB12836	drug
5743.0	gene
C0878500	disease
C0021846	disease
C0020452	disease
C0042484	disease
C0178824	disease
C0333233	disease
C0010474	disease
C0013295	disease
C0005694	disease
C0001624	disease
C0750887	disease
C0162871	disease
C0040411	disease
C0153349	disease
C0007114	disease
C0037286	disease
C0600467	disease
C0339143	disease
C0376323	disease
C1563709	disease
C0004045	disease
C0023532	disease
C0023269	disease
C0205815	disease
C0205816	disease
C0003811	disease
C0030305	disease
C0019064	disease
C0031039	disease
C0242426	disease
C0034013	disease
C0271527	disease
C0342543	disease
C1504412	disease
C0020295	disease
C0264423	disease
DB00465	drug
DB00945	drug
DB09214	drug
DB00316	drug
DB00482	drug
DB00554	drug
DB00795	drug
DB00586	drug
DB00712	drug
DB00461	drug
DB08439	drug
5789.0	gene
C0035258	disease
C0041671	disease
C1263846	disease
C1321905	disease
5792.0	gene
C0175755	disease
C0432357	disease
C4014918	disease
5805.0	gene
C0878676	disease
5816.0	gene
C0033958	disease
C0036337	disease
C0036358	disease
C0949541	disease
C1510502	disease
25797.0	gene
5873.0	gene
C0398794	disease
C1868679	disease
C3495588	disease
116442.0	gene
C0796195	disease
C1846038	disease
5890.0	gene
C0238033	disease
C0242788	disease
22913.0	gene
9693.0	gene
5918.0	gene
8437.0	gene
51655.0	gene
10125.0	gene
C1328840	disease
5950.0	gene
C3554593	disease
C0042842	disease
C0023896	disease
C4225330	disease
C0152455	disease
C0271271	disease
C0856901	disease
145226.0	gene
C2675186	disease
C0854723	disease
8434.0	gene
83998.0	gene
5966.0	gene
768211.0	gene
9185.0	gene
5990.0	gene
5992.0	gene
23179.0	gene
5997.0	gene
5999.0	gene
C2063866	disease
388531.0	gene
C1842073	disease
9699.0	gene
54453.0	gene
C2751321	disease
8767.0	gene
196475.0	gene
390.0	gene
55328.0	gene
4919.0	gene
C4539997	disease
57096.0	gene
C2750720	disease
C0155380	disease
C0240595	disease
C0271382	disease
C0271383	disease
C0271384	disease
C0271385	disease
C0271386	disease
C0271387	disease
C0271388	disease
C0271389	disease
C0344243	disease
C0520731	disease
C0521753	disease
C0521754	disease
C0521755	disease
C0521756	disease
C0521757	disease
C0521759	disease
C0521760	disease
C0521761	disease
C1854260	disease
C0265215	disease
C3714506	disease
6141.0	gene
C1260899	disease
C2931850	disease
DB05016	drug
6144.0	gene
C1854310	disease
C4014563	disease
C0020678	disease
6147.0	gene
6168.0	gene
6208.0	gene
C0740302	disease
C1292779	disease
6224.0	gene
C1112155	disease
C1333991	disease
C2936783	disease
C3896578	disease
6228.0	gene
C4479431	disease
6230.0	gene
6234.0	gene
C4225411	disease
6235.0	gene
C4014641	disease
27330.0	gene
84816.0	gene
C4225227	disease
132112.0	gene
100506403.0	gene
C1832388	disease
860.0	gene
C0008928	disease
C0040427	disease
C0524730	disease
C0949690	disease
C0243057	disease
C3549874	disease
C1834969	disease
6262.0	gene
C4053736	disease
C1832931	disease
C0853897	disease
C0042514	disease
C0340485	disease
C2677794	disease
C0349788	disease
6271.0	gene
C0265110	disease
C0751895	disease
6279.0	gene
6285.0	gene
C0018944	disease
C0221480	disease
C0012734	disease
C0029121	disease
C0236964	disease
C0006118	disease
C0153633	disease
C0496899	disease
C0750974	disease
C0750977	disease
C0750979	disease
C1527390	disease
C0086626	disease
C0274859	disease
C0274860	disease
C0546127	disease
C0751855	disease
C0751856	disease
C0751857	disease
C0751858	disease
6286.0	gene
9294.0	gene
C1835854	disease
DB08868	drug
57167.0	gene
C1623209	disease
C0013261	disease
C0751083	disease
C0751084	disease
C0994516	disease
C1327918	disease
C0265239	disease
C0265264	disease
401474.0	gene
C1832841	disease
6303.0	gene
C0343057	disease
55800.0	gene
C2751088	disease
6330.0	gene
C1141890	disease
C2678484	disease
6334.0	gene
C0007758	disease
C0234162	disease
C0234357	disease
C0750994	disease
C3668822	disease
C0240991	disease
C0278161	disease
C0427190	disease
C0520966	disease
C0750937	disease
C0750940	disease
C3280415	disease
C3281191	disease
C0019372	disease
C0037140	disease
C0220669	disease
C1865926	disease
C4310728	disease
DB00776	drug
DB00296	drug
DB00281	drug
DB09119	drug
DB00907	drug
DB00555	drug
DB00908	drug
DB00909	drug
DB00754	drug
DB00280	drug
6340.0	gene
C1449843	disease
C0010674	disease
C0392164	disease
C1527396	disease
C0339985	disease
C0221043	disease
C2751324	disease
C0033805	disease
C0268436	disease
C1449842	disease
C1449844	disease
C2713447	disease
9805.0	gene
6390.0	gene
C0031511	disease
C1861848	disease
C1847319	disease
C0030421	disease
C0342777	disease
C1855008	disease
C0206695	disease
C1257877	disease
C1333993	disease
C1704374	disease
6401.0	gene
DB14829	drug
DB12778	drug
DB06197	drug
223117.0	gene
C3661523	disease
9723.0	gene
C0265354	disease
C0342384	disease
C2936502	disease
64218.0	gene
C1846529	disease
C1853214	disease
5265.0	gene
C0003850	disease
C0042384	disease
C0221757	disease
C0039841	disease
C0013990	disease
C0030328	disease
C0034067	disease
C0221227	disease
C0264393	disease
C2350878	disease
5271.0	gene
C1838440	disease
C4310710	disease
5054.0	gene
C0017668	disease
C0086432	disease
C2750067	disease
C4016325	disease
DB12635	drug
23544.0	gene
6421.0	gene
C4518356	disease
6425.0	gene
6439.0	gene
C1968602	disease
C0020192	disease
C0035220	disease
C0852283	disease
84251.0	gene
6469.0	gene
C1840529	disease
C1840235	disease
C0345354	disease
C0266484	disease
C1968843	disease
C0266667	disease
C1868114	disease
C0078982	disease
C0265581	disease
C1856892	disease
C1861355	disease
C2931870	disease
57619.0	gene
150094.0	gene
C0270855	disease
C0393706	disease
C3463992	disease
C4225360	disease
C4552072	disease
23387.0	gene
C4748455	disease
26037.0	gene
23411.0	gene
C0033937	disease
C0036939	disease
C0919532	disease
C0014072	disease
C0234544	disease
C0522224	disease
C0036421	disease
23409.0	gene
220134.0	gene
6554.0	gene
80704.0	gene
C1843807	disease
6574.0	gene
123041.0	gene
C0399376	disease
C4014578	disease
C0399372	disease
60386.0	gene
C1846648	disease
C3150973	disease
115286.0	gene
C4225206	disease
6513.0	gene
C4551966	disease
C1847501	disease
C3149117	disease
C0027125	disease
C1842534	disease
C3553859	disease
C0270850	disease
C1832855	disease
C0007124	disease
C1176475	disease
C1332347	disease
C0272048	disease
C0677598	disease
C1837206	disease
C0031149	disease
C0346990	disease
C0004138	disease
C0424605	disease
C1851936	disease
81031.0	gene
C1859726	disease
C0026654	disease
144195.0	gene
6515.0	gene
C0023794	disease
80723.0	gene
2542.0	gene
C0268146	disease
C0342749	disease
C0017920	disease
11254.0	gene
C0021843	disease
C1859047	disease
6532.0	gene
C0003467	disease
C0011574	disease
C1571983	disease
C1571984	disease
C0003944	disease
C0004444	disease
C0021124	disease
C0021139	disease
C0031212	disease
C0233477	disease
C0028768	disease
C0001723	disease
C0588008	disease
C0581391	disease
C0221074	disease
C3160814	disease
DB01175	drug
DB00715	drug
DB01104	drug
DB00476	drug
DB00540	drug
DB06700	drug
DB00321	drug
DB09068	drug
DB00472	drug
6541.0	gene
56301.0	gene
C3544321	disease
23657.0	gene
57709.0	gene
C3810380	disease
6548.0	gene
C4225383	disease
6549.0	gene
6615.0	gene
C3501843	disease
C3501844	disease
333929.0	gene
11017.0	gene
6638.0	gene
C0032897	disease
C0265222	disease
6646.0	gene
DB09022	drug
DB12971	drug
6647.0	gene
C0036457	disease
C0162671	disease
C0162674	disease
C0036330	disease
C0242497	disease
C0162316	disease
C0015696	disease
C2718067	disease
C0231686	disease
C0231687	disease
C0231688	disease
C0231689	disease
C0231693	disease
C0231694	disease
C0231695	disease
C0231696	disease
C0231698	disease
C0231712	disease
C0234996	disease
C0235000	disease
C0337210	disease
C0427128	disease
C0427149	disease
C0427169	disease
C0427177	disease
C0751829	disease
C0751830	disease
C0751831	disease
C0751832	disease
C0025312	disease
C0086664	disease
C0751316	disease
C0022650	disease
C0003493	disease
C0041408	disease
C0242526	disease
C1527168	disease
C0019054	disease
C0235574	disease
C0312854	disease
6664.0	gene
C0265338	disease
C4014528	disease
6659.0	gene
C0266617	disease
C0456070	disease
C1850049	disease
6662.0	gene
C1861922	disease
C0018566	disease
C0265998	disease
C0018054	disease
C0266361	disease
C2748895	disease
C2936694	disease
C4510744	disease
C0432475	disease
C2936419	disease
C1861923	disease
374955.0	gene
166378.0	gene
C4225276	disease
57405.0	gene
81848.0	gene
C3808971	disease
80725.0	gene
57522.0	gene
C4225426	disease
27286.0	gene
C1845070	disease
84530.0	gene
C0155536	disease
C0260662	disease
C0877848	disease
C1510450	disease
8636.0	gene
6756.0	gene
C0039101	disease
6757.0	gene
10617.0	gene
C0006111	disease
C0085584	disease
C1842180	disease
C2675370	disease
C3280296	disease
55240.0	gene
C3808920	disease
C0002884	disease
C2673913	disease
30968.0	gene
55437.0	gene
8676.0	gene
C0272199	disease
C1863728	disease
6783.0	gene
6850.0	gene
DB12010	drug
DB12121	drug
DB15499	drug
DB14770	drug
6857.0	gene
C4748715	disease
23208.0	gene
6866.0	gene
C3553843	disease
6869.0	gene
C0006261	disease
DB00673	drug
DB06717	drug
DB14019	drug
DB09048	drug
DB09291	drug
6884.0	gene
C4479476	disease
6898.0	gene
C0268487	disease
C0022596	disease
C0268483	disease
C0268490	disease
C0268623	disease
1155.0	gene
9096.0	gene
C0521619	disease
C1840451	disease
C4048262	disease
6910.0	gene
83439.0	gene
C0857439	disease
57451.0	gene
26136.0	gene
56155.0	gene
7018.0	gene
C0521802	disease
C0271901	disease
C0030524	disease
C0013502	disease
C4553297	disease
7021.0	gene
C0013274	disease
C1868570	disease
C2936170	disease
C0265610	disease
C4551485	disease
83741.0	gene
7980.0	gene
7049.0	gene
C1862932	disease
7057.0	gene
C0011875	disease
C0025945	disease
7058.0	gene
C0158252	disease
C0221775	disease
221981.0	gene
7074.0	gene
26230.0	gene
26519.0	gene
51300.0	gene
C4748838	disease
25976.0	gene
7092.0	gene
C2751315	disease
10333.0	gene
117531.0	gene
C1832978	disease
C1847626	disease
113277.0	gene
54968.0	gene
C3279699	disease
C0206669	disease
84899.0	gene
7124.0	gene
C0020433	disease
C0206617	disease
C0002893	disease
C0206145	disease
C0206146	disease
C0376416	disease
C0598608	disease
C0002895	disease
C4721411	disease
C0032045	disease
C0948480	disease
C3714514	disease
C0023860	disease
C0037579	disease
C0677050	disease
C0003869	disease
C0003875	disease
C0008149	disease
C1692886	disease
C3891815	disease
C0079218	disease
C0003165	disease
C0036981	disease
C0036983	disease
C0600327	disease
C0242973	disease
C0027796	disease
C0038870	disease
C0042656	disease
C0234247	disease
C0234249	disease
C0423711	disease
C0423712	disease
C0751371	disease
C0751372	disease
C0751373	disease
C0340288	disease
C0034063	disease
C0035242	disease
C1861172	disease
C0032227	disease
C0263859	disease
C0011609	disease
C0406537	disease
C0018790	disease
C0600228	disease
C0011644	disease
C0036420	disease
C0263409	disease
C1527383	disease
C3887485	disease
7128.0	gene
C0079773	disease
C0376407	disease
C0751422	disease
C4225218	disease
4982.0	gene
C0268414	disease
C0007282	disease
C0340569	disease
C0751633	disease
C0751634	disease
C0751635	disease
C0751636	disease
51330.0	gene
3604.0	gene
8744.0	gene
7140.0	gene
C0003886	disease
C1834523	disease
C0220662	disease
C1852085	disease
DB12209	drug
10043.0	gene
7166.0	gene
C0024517	disease
C0270458	disease
DB12095	drug
DB14218	drug
7167.0	gene
C1860808	disease
C0857501	disease
C0752251	disease
C0752252	disease
C0002735	disease
C0002882	disease
C0027868	disease
C0751381	disease
C0398562	disease
7168.0	gene
C2678476	disease
C1861863	disease
C1960469	disease
C0597124	disease
C0700053	disease
C0949658	disease
7169.0	gene
C1836447	disease
C3710589	disease
C0546264	disease
C0546125	disease
C0206157	disease
C0265213	disease
C0265261	disease
C0270960	disease
C0175709	disease
C0410203	disease
C0410207	disease
C0752282	disease
C1834558	disease
C2750413	disease
C3645536	disease
C3661489	disease
C4551952	disease
7170.0	gene
C1836448	disease
C0334121	disease
C2750414	disease
7179.0	gene
10758.0	gene
C3279754	disease
C0006845	disease
C3714992	disease
DB12233	drug
7200.0	gene
C0035229	disease
C0235063	disease
C1145670	disease
C0220998	disease
C3887992	disease
C0027404	disease
C0751362	disease
C0085628	disease
C0234447	disease
C0041657	disease
C0023186	disease
C0751262	disease
C0751263	disease
C0751265	disease
C1330966	disease
C0394016	disease
C0751812	disease
C0005899	disease
C0018672	disease
C0038273	disease
23650.0	gene
11074.0	gene
286827.0	gene
10024.0	gene
7220.0	gene
80036.0	gene
116461.0	gene
C0476241	disease
C4310757	disease
C2932714	disease
7276.0	gene
C2751492	disease
C0155127	disease
C0206245	disease
C0268383	disease
C0268384	disease
C0268385	disease
C0268386	disease
C0342608	disease
C0936273	disease
C1527337	disease
C4551500	disease
C4275067	disease
C0740340	disease
C2750824	disease
C0002726	disease
C0007286	disease
C0268407	disease
DB11644	drug
7286.0	gene
C0002452	disease
9039.0	gene
DB11759	drug
7314.0	gene
C0266122	disease
C0432090	disease
C0432098	disease
C0432103	disease
C4551487	disease
7345.0	gene
C3150899	disease
C3809665	disease
C0016978	disease
C0153452	disease
7347.0	gene
51506.0	gene
C4748081	disease
7357.0	gene
DB00419	drug
DB09039	drug
DB14872	drug
7358.0	gene
80328.0	gene
79465.0	gene
C0002171	disease
7374.0	gene
C1720958	disease
C0005859	disease
C0272236	disease
C1720956	disease
C1720957	disease
84300.0	gene
C4014408	disease
C1852372	disease
7386.0	gene
27089.0	gene
C3554607	disease
8725.0	gene
7390.0	gene
C0162530	disease
C2718078	disease
10451.0	gene
7431.0	gene
C0007140	disease
C1833118	disease
C1852438	disease
C3805411	disease
C1861827	disease
284013.0	gene
55237.0	gene
11326.0	gene
79968.0	gene
65267.0	gene
101929777.0	gene
C2931216	disease
C2931218	disease
C4012268	disease
23286.0	gene
114786.0	gene
64131.0	gene
C4014294	disease
C4750849	disease
C0432242	disease
C0376359	disease
C1867450	disease
8089.0	gene
80149.0	gene
51530.0	gene
169841.0	gene
55422.0	gene
195828.0	gene
124626.0	gene
57688.0	gene
C0085077	disease
C0796182	disease
C1863616	disease
C4693405	disease
